17448753,Marsh,Li
17651675,Marsh,Li
19484522,Marsh,Khan
19788750,Marsh,Correy
16690177,Queen,Khan
15854724,Queen,Correy
19326055,Marsh,Khan
16368802,Marsh,Khan
16131525,Marsh,Khan
17241367,Queen,Li
13937779,Marsh,Correy
13917698,Queen,Khan
11832390,Marsh,Khan
16304094,Marsh,Khan
11166728,Marsh,Khan
14485386,Marsh,Correy
18638488,Marsh,Li
10262149,Marsh,O'Tooley
13967415,Queen,Correy
15278909,Marsh,Khan
16173501,Marsh,Li
16888646,Trandee,Khan
12307192,Queen,Khan
17735683,Marsh,Li
12283122,Bamoo,Khan
12415815,Raffah,Khan
19188467,Bamoo,Khan
19028523,Marsh,Khan
12083523,Marsh,Khan
18120766,Queen,Khan
19321935,Marsh,Khan
12796158,Marsh,Correy
19030403,Marsh,Khan
16861400,Marsh,Khan
17166864,Marsh,Correy
14293992,Marsh,Correy
16382756,Marsh,Khan
15866640,Marsh,Khan
17788934,Marsh,Khan
17446518,Marsh,Li
11249023,Bamoo,Correy
19576335,Raffah,Li
14035204,Marsh,Khan
17396100,Marsh,Khan
11846391,Marsh,Khan
12699725,Marsh,Li
16361665,Marsh,Correy
19423786,Marsh,O'Tooley
14633660,Marsh,Li
11187502,Marsh,Khan
11878558,Queen,Khan
17856140,Marsh,Khan
14330457,Marsh,Khan
10588050,Queen,Khan
15324289,Queen,Correy
13694859,Marsh,Khan
14108155,Bamoo,Khan
11144352,Marsh,Correy
12616149,Marsh,Li
17676700,Marsh,Khan
14543666,Marsh,Correy
16724487,Marsh,Khan
12589866,Marsh,O'Tooley
13063005,Marsh,Correy
13246982,Bamoo,Khan
11958483,Queen,Khan
17506330,Marsh,Khan
14392183,Queen,Khan
15500218,Marsh,Khan
12059859,Trandee,Khan
16566644,Marsh,Khan
19310999,Marsh,Khan
13131750,Marsh,Correy
17923362,Marsh,Khan
11357988,Marsh,Khan
13741548,Marsh,Correy
19929693,Marsh,Khan
16441960,Marsh,Khan
19992954,Marsh,O'Tooley
13845046,Marsh,Khan
18550834,Marsh,Correy
17540334,Queen,Khan
11020483,Queen,O'Tooley
15912885,Trandee,Khan
12609301,Marsh,Khan
14774584,Marsh,Li
13283796,Marsh,Khan
13359648,Bamoo,Khan
17391173,Queen,Correy
18995053,Queen,Khan
11867516,Bamoo,Li
18589143,Marsh,Khan
12282098,Marsh,Khan
16950418,Marsh,Correy
13715415,Marsh,Khan
18129849,Marsh,Khan
15785886,Marsh,Correy
12890090,Marsh,Correy
18050509,Marsh,Khan
13060332,Marsh,Khan
16754708,Queen,Khan
12083146,Queen,Khan
14526187,Queen,O'Tooley
